{
    "prepare_queue": {
        "installed": [],
        "uninstalled": []
    },
    "config_munge": {
        "files": {
            "config.xml": {
                "parents": {
                    "/*": [
                        {
                            "xml": "<feature name=\"Camera\"><param name=\"browser-package\" value=\"Camera\" /></feature>",
                            "count": 1
                        },
                        {
                            "xml": "<feature name=\"Device\"><param name=\"browser-package\" value=\"Device\" /></feature>",
                            "count": 1
                        }
                    ]
                }
            }
        }
    },
    "installed_plugins": {
        "cordova-plugin-file": {
            "PACKAGE_NAME": "com.demo.signage1"
        },
        "cordova-plugin-file-transfer": {
            "PACKAGE_NAME": "com.demo.signage1"
        },
        "cordova-plugin-battery-status": {
            "PACKAGE_NAME": "com.demo.ddisplay"
        },
        "cordova-plugin-compat": {
            "PACKAGE_NAME": "com.demo.ddisplay"
        },
        "cordova-plugin-ble-central": {
            "PACKAGE_NAME": "com.demo.ddisplay"
        },
        "cordova-plugin-camera": {
            "PACKAGE_NAME": "com.demo.ddisplay"
        },
        "cordova-plugin-contacts": {
            "PACKAGE_NAME": "com.demo.ddisplay"
        },
        "cordova-plugin-device": {
            "PACKAGE_NAME": "com.demo.ddisplay"
        },
        "cordova-plugin-device-motion": {
            "PACKAGE_NAME": "com.demo.ddisplay"
        },
        "cordova-plugin-dialogs": {
            "PACKAGE_NAME": "com.demo.ddisplay"
        },
        "cordova-plugin-geolocation": {
            "PACKAGE_NAME": "com.demo.ddisplay"
        },
        "cordova-plugin-globalization": {
            "PACKAGE_NAME": "com.demo.ddisplay"
        },
        "cordova-plugin-inappbrowser": {
            "PACKAGE_NAME": "com.demo.ddisplay"
        },
        "cordova-plugin-insomnia": {
            "PACKAGE_NAME": "com.demo.ddisplay"
        },
        "cordova-plugin-media": {
            "PACKAGE_NAME": "com.demo.ddisplay"
        },
        "cordova-plugin-media-capture": {
            "PACKAGE_NAME": "com.demo.ddisplay"
        },
        "cordova-plugin-network-information": {
            "PACKAGE_NAME": "com.demo.ddisplay"
        },
        "cordova-plugin-screen-orientation": {
            "PACKAGE_NAME": "com.demo.ddisplay"
        },
        "cordova-plugin-splashscreen": {
            "PACKAGE_NAME": "com.demo.ddisplay"
        },
        "cordova-plugin-statusbar": {
            "PACKAGE_NAME": "com.demo.ddisplay"
        },
        "cordova-plugin-streaming-media": {
            "PACKAGE_NAME": "com.demo.ddisplay"
        },
        "cordova-plugin-vibration": {
            "PACKAGE_NAME": "com.demo.ddisplay"
        },
        "cordova-plugin-whitelist": {
            "PACKAGE_NAME": "com.demo.ddisplay"
        },
        "es6-promise-plugin": {
            "PACKAGE_NAME": "com.demo.ddisplay"
        },
        "cordova-plugin-x-socialsharing": {
            "PACKAGE_NAME": "com.demo.ddisplay"
        },
        "phonegap-plugin-contentsync": {
            "PACKAGE_NAME": "com.demo.ddisplay"
        },
        "phonegap-plugin-mobile-accessibility": {
            "PACKAGE_NAME": "com.demo.ddisplay"
        },
        "com.darktalker.cordova.screenshot": {
            "PACKAGE_NAME": "com.demo.ddisplay"
        },
        "cordova-plugin-crosswalk-webview": {
            "PACKAGE_NAME": "com.demo.ddisplay"
        },
        "cordova-plugin-ezar-snapshot": {
            "PACKAGE_NAME": "com.demo.ddisplay"
        },
        "cordova-plugin-ping": {
            "PACKAGE_NAME": "com.demo.ddisplay"
        }
    },
    "dependent_plugins": {},
    "modules": [
        {
            "file": "plugins/cordova-plugin-file/www/DirectoryEntry.js",
            "id": "cordova-plugin-file.DirectoryEntry",
            "pluginId": "cordova-plugin-file",
            "clobbers": [
                "window.DirectoryEntry"
            ]
        },
        {
            "file": "plugins/cordova-plugin-file/www/DirectoryReader.js",
            "id": "cordova-plugin-file.DirectoryReader",
            "pluginId": "cordova-plugin-file",
            "clobbers": [
                "window.DirectoryReader"
            ]
        },
        {
            "file": "plugins/cordova-plugin-file/www/Entry.js",
            "id": "cordova-plugin-file.Entry",
            "pluginId": "cordova-plugin-file",
            "clobbers": [
                "window.Entry"
            ]
        },
        {
            "file": "plugins/cordova-plugin-file/www/File.js",
            "id": "cordova-plugin-file.File",
            "pluginId": "cordova-plugin-file",
            "clobbers": [
                "window.File"
            ]
        },
        {
            "file": "plugins/cordova-plugin-file/www/FileEntry.js",
            "id": "cordova-plugin-file.FileEntry",
            "pluginId": "cordova-plugin-file",
            "clobbers": [
                "window.FileEntry"
            ]
        },
        {
            "file": "plugins/cordova-plugin-file/www/FileError.js",
            "id": "cordova-plugin-file.FileError",
            "pluginId": "cordova-plugin-file",
            "clobbers": [
                "window.FileError"
            ]
        },
        {
            "file": "plugins/cordova-plugin-file/www/FileReader.js",
            "id": "cordova-plugin-file.FileReader",
            "pluginId": "cordova-plugin-file",
            "clobbers": [
                "window.FileReader"
            ]
        },
        {
            "file": "plugins/cordova-plugin-file/www/FileSystem.js",
            "id": "cordova-plugin-file.FileSystem",
            "pluginId": "cordova-plugin-file",
            "clobbers": [
                "window.FileSystem"
            ]
        },
        {
            "file": "plugins/cordova-plugin-file/www/FileUploadOptions.js",
            "id": "cordova-plugin-file.FileUploadOptions",
            "pluginId": "cordova-plugin-file",
            "clobbers": [
                "window.FileUploadOptions"
            ]
        },
        {
            "file": "plugins/cordova-plugin-file/www/FileUploadResult.js",
            "id": "cordova-plugin-file.FileUploadResult",
            "pluginId": "cordova-plugin-file",
            "clobbers": [
                "window.FileUploadResult"
            ]
        },
        {
            "file": "plugins/cordova-plugin-file/www/FileWriter.js",
            "id": "cordova-plugin-file.FileWriter",
            "pluginId": "cordova-plugin-file",
            "clobbers": [
                "window.FileWriter"
            ]
        },
        {
            "file": "plugins/cordova-plugin-file/www/Flags.js",
            "id": "cordova-plugin-file.Flags",
            "pluginId": "cordova-plugin-file",
            "clobbers": [
                "window.Flags"
            ]
        },
        {
            "file": "plugins/cordova-plugin-file/www/LocalFileSystem.js",
            "id": "cordova-plugin-file.LocalFileSystem",
            "pluginId": "cordova-plugin-file",
            "clobbers": [
                "window.LocalFileSystem"
            ],
            "merges": [
                "window"
            ]
        },
        {
            "file": "plugins/cordova-plugin-file/www/Metadata.js",
            "id": "cordova-plugin-file.Metadata",
            "pluginId": "cordova-plugin-file",
            "clobbers": [
                "window.Metadata"
            ]
        },
        {
            "file": "plugins/cordova-plugin-file/www/ProgressEvent.js",
            "id": "cordova-plugin-file.ProgressEvent",
            "pluginId": "cordova-plugin-file",
            "clobbers": [
                "window.ProgressEvent"
            ]
        },
        {
            "file": "plugins/cordova-plugin-file/www/fileSystems.js",
            "id": "cordova-plugin-file.fileSystems",
            "pluginId": "cordova-plugin-file"
        },
        {
            "file": "plugins/cordova-plugin-file/www/requestFileSystem.js",
            "id": "cordova-plugin-file.requestFileSystem",
            "pluginId": "cordova-plugin-file",
            "clobbers": [
                "window.requestFileSystem"
            ]
        },
        {
            "file": "plugins/cordova-plugin-file/www/resolveLocalFileSystemURI.js",
            "id": "cordova-plugin-file.resolveLocalFileSystemURI",
            "pluginId": "cordova-plugin-file",
            "merges": [
                "window"
            ]
        },
        {
            "file": "plugins/cordova-plugin-file/www/browser/isChrome.js",
            "id": "cordova-plugin-file.isChrome",
            "pluginId": "cordova-plugin-file",
            "runs": true
        },
        {
            "file": "plugins/cordova-plugin-file/www/browser/Preparing.js",
            "id": "cordova-plugin-file.Preparing",
            "pluginId": "cordova-plugin-file",
            "runs": true
        },
        {
            "file": "plugins/cordova-plugin-file/src/browser/FileProxy.js",
            "id": "cordova-plugin-file.browserFileProxy",
            "pluginId": "cordova-plugin-file",
            "runs": true
        },
        {
            "file": "plugins/cordova-plugin-file/www/fileSystemPaths.js",
            "id": "cordova-plugin-file.fileSystemPaths",
            "pluginId": "cordova-plugin-file",
            "merges": [
                "cordova"
            ],
            "runs": true
        },
        {
            "file": "plugins/cordova-plugin-file/www/browser/FileSystem.js",
            "id": "cordova-plugin-file.firefoxFileSystem",
            "pluginId": "cordova-plugin-file",
            "merges": [
                "window.FileSystem"
            ]
        },
        {
            "file": "plugins/cordova-plugin-file-transfer/www/FileTransferError.js",
            "id": "cordova-plugin-file-transfer.FileTransferError",
            "pluginId": "cordova-plugin-file-transfer",
            "clobbers": [
                "window.FileTransferError"
            ]
        },
        {
            "file": "plugins/cordova-plugin-file-transfer/www/FileTransfer.js",
            "id": "cordova-plugin-file-transfer.FileTransfer",
            "pluginId": "cordova-plugin-file-transfer",
            "clobbers": [
                "window.FileTransfer"
            ]
        },
        {
            "file": "plugins/cordova-plugin-file-transfer/www/browser/FileTransfer.js",
            "id": "cordova-plugin-file-transfer.BrowserFileTransfer",
            "pluginId": "cordova-plugin-file-transfer",
            "clobbers": [
                "window.FileTransfer"
            ]
        },
        {
            "file": "plugins/cordova-plugin-battery-status/www/battery.js",
            "id": "cordova-plugin-battery-status.battery",
            "pluginId": "cordova-plugin-battery-status",
            "clobbers": [
                "navigator.battery"
            ]
        },
        {
            "file": "plugins/cordova-plugin-battery-status/src/browser/BatteryProxy.js",
            "id": "cordova-plugin-battery-status.Battery",
            "pluginId": "cordova-plugin-battery-status",
            "runs": true
        },
        {
            "file": "plugins/cordova-plugin-ble-central/www/ble.js",
            "id": "cordova-plugin-ble-central.ble",
            "pluginId": "cordova-plugin-ble-central",
            "clobbers": [
                "ble"
            ]
        },
        {
            "file": "plugins/cordova-plugin-ble-central/src/browser/BLECentralPlugin.js",
            "id": "cordova-plugin-ble-central.BLECentralPlugin",
            "pluginId": "cordova-plugin-ble-central",
            "merges": [
                "ble"
            ]
        },
        {
            "file": "plugins/cordova-plugin-camera/www/CameraConstants.js",
            "id": "cordova-plugin-camera.Camera",
            "pluginId": "cordova-plugin-camera",
            "clobbers": [
                "Camera"
            ]
        },
        {
            "file": "plugins/cordova-plugin-camera/www/CameraPopoverOptions.js",
            "id": "cordova-plugin-camera.CameraPopoverOptions",
            "pluginId": "cordova-plugin-camera",
            "clobbers": [
                "CameraPopoverOptions"
            ]
        },
        {
            "file": "plugins/cordova-plugin-camera/www/Camera.js",
            "id": "cordova-plugin-camera.camera",
            "pluginId": "cordova-plugin-camera",
            "clobbers": [
                "navigator.camera"
            ]
        },
        {
            "file": "plugins/cordova-plugin-camera/src/browser/CameraProxy.js",
            "id": "cordova-plugin-camera.CameraProxy",
            "pluginId": "cordova-plugin-camera",
            "runs": true
        },
        {
            "file": "plugins/cordova-plugin-contacts/www/contacts.js",
            "id": "cordova-plugin-contacts.contacts",
            "pluginId": "cordova-plugin-contacts",
            "clobbers": [
                "navigator.contacts"
            ]
        },
        {
            "file": "plugins/cordova-plugin-contacts/www/Contact.js",
            "id": "cordova-plugin-contacts.Contact",
            "pluginId": "cordova-plugin-contacts",
            "clobbers": [
                "Contact"
            ]
        },
        {
            "file": "plugins/cordova-plugin-contacts/www/convertUtils.js",
            "id": "cordova-plugin-contacts.convertUtils",
            "pluginId": "cordova-plugin-contacts"
        },
        {
            "file": "plugins/cordova-plugin-contacts/www/ContactAddress.js",
            "id": "cordova-plugin-contacts.ContactAddress",
            "pluginId": "cordova-plugin-contacts",
            "clobbers": [
                "ContactAddress"
            ]
        },
        {
            "file": "plugins/cordova-plugin-contacts/www/ContactError.js",
            "id": "cordova-plugin-contacts.ContactError",
            "pluginId": "cordova-plugin-contacts",
            "clobbers": [
                "ContactError"
            ]
        },
        {
            "file": "plugins/cordova-plugin-contacts/www/ContactField.js",
            "id": "cordova-plugin-contacts.ContactField",
            "pluginId": "cordova-plugin-contacts",
            "clobbers": [
                "ContactField"
            ]
        },
        {
            "file": "plugins/cordova-plugin-contacts/www/ContactFindOptions.js",
            "id": "cordova-plugin-contacts.ContactFindOptions",
            "pluginId": "cordova-plugin-contacts",
            "clobbers": [
                "ContactFindOptions"
            ]
        },
        {
            "file": "plugins/cordova-plugin-contacts/www/ContactName.js",
            "id": "cordova-plugin-contacts.ContactName",
            "pluginId": "cordova-plugin-contacts",
            "clobbers": [
                "ContactName"
            ]
        },
        {
            "file": "plugins/cordova-plugin-contacts/www/ContactOrganization.js",
            "id": "cordova-plugin-contacts.ContactOrganization",
            "pluginId": "cordova-plugin-contacts",
            "clobbers": [
                "ContactOrganization"
            ]
        },
        {
            "file": "plugins/cordova-plugin-contacts/www/ContactFieldType.js",
            "id": "cordova-plugin-contacts.ContactFieldType",
            "pluginId": "cordova-plugin-contacts",
            "merges": [
                ""
            ]
        },
        {
            "file": "plugins/cordova-plugin-contacts/src/browser/ContactsProxy.js",
            "id": "cordova-plugin-contacts.ContactsProxy",
            "pluginId": "cordova-plugin-contacts",
            "merges": [
                "navigator.contacts"
            ]
        },
        {
            "file": "plugins/cordova-plugin-device/www/device.js",
            "id": "cordova-plugin-device.device",
            "pluginId": "cordova-plugin-device",
            "clobbers": [
                "device"
            ]
        },
        {
            "file": "plugins/cordova-plugin-device/src/browser/DeviceProxy.js",
            "id": "cordova-plugin-device.DeviceProxy",
            "pluginId": "cordova-plugin-device",
            "runs": true
        },
        {
            "file": "plugins/cordova-plugin-device-motion/www/Acceleration.js",
            "id": "cordova-plugin-device-motion.Acceleration",
            "pluginId": "cordova-plugin-device-motion",
            "clobbers": [
                "Acceleration"
            ]
        },
        {
            "file": "plugins/cordova-plugin-device-motion/www/accelerometer.js",
            "id": "cordova-plugin-device-motion.accelerometer",
            "pluginId": "cordova-plugin-device-motion",
            "clobbers": [
                "navigator.accelerometer"
            ]
        },
        {
            "file": "plugins/cordova-plugin-device-motion/src/browser/AccelerometerProxy.js",
            "id": "cordova-plugin-device-motion.AccelerometerProxy",
            "pluginId": "cordova-plugin-device-motion",
            "runs": true
        },
        {
            "file": "plugins/cordova-plugin-dialogs/www/notification.js",
            "id": "cordova-plugin-dialogs.notification",
            "pluginId": "cordova-plugin-dialogs",
            "merges": [
                "navigator.notification"
            ]
        },
        {
            "file": "plugins/cordova-plugin-dialogs/www/browser/notification.js",
            "id": "cordova-plugin-dialogs.notification_browser",
            "pluginId": "cordova-plugin-dialogs",
            "merges": [
                "navigator.notification"
            ]
        },
        {
            "file": "plugins/cordova-plugin-globalization/www/GlobalizationError.js",
            "id": "cordova-plugin-globalization.GlobalizationError",
            "pluginId": "cordova-plugin-globalization",
            "clobbers": [
                "window.GlobalizationError"
            ]
        },
        {
            "file": "plugins/cordova-plugin-globalization/www/globalization.js",
            "id": "cordova-plugin-globalization.globalization",
            "pluginId": "cordova-plugin-globalization",
            "clobbers": [
                "navigator.globalization"
            ]
        },
        {
            "file": "plugins/cordova-plugin-globalization/www/browser/moment.js",
            "id": "cordova-plugin-globalization.moment",
            "pluginId": "cordova-plugin-globalization",
            "runs": true
        },
        {
            "file": "plugins/cordova-plugin-globalization/src/browser/GlobalizationProxy.js",
            "id": "cordova-plugin-globalization.GlobalizationProxy",
            "pluginId": "cordova-plugin-globalization",
            "runs": true
        },
        {
            "file": "plugins/cordova-plugin-inappbrowser/www/inappbrowser.js",
            "id": "cordova-plugin-inappbrowser.inappbrowser",
            "pluginId": "cordova-plugin-inappbrowser",
            "clobbers": [
                "cordova.InAppBrowser.open",
                "window.open"
            ]
        },
        {
            "file": "plugins/cordova-plugin-inappbrowser/src/browser/InAppBrowserProxy.js",
            "id": "cordova-plugin-inappbrowser.InAppBrowserProxy",
            "pluginId": "cordova-plugin-inappbrowser",
            "runs": true
        },
        {
            "file": "plugins/cordova-plugin-insomnia/www/Insomnia.js",
            "id": "cordova-plugin-insomnia.Insomnia",
            "pluginId": "cordova-plugin-insomnia",
            "clobbers": [
                "window.plugins.insomnia"
            ]
        },
        {
            "file": "plugins/cordova-plugin-insomnia/src/browser/Insomnia.js",
            "id": "cordova-plugin-insomnia.InsomniaProxy",
            "pluginId": "cordova-plugin-insomnia",
            "merges": [
                "window.plugins.insomnia"
            ]
        },
        {
            "file": "plugins/cordova-plugin-media/www/MediaError.js",
            "id": "cordova-plugin-media.MediaError",
            "pluginId": "cordova-plugin-media",
            "clobbers": [
                "window.MediaError"
            ]
        },
        {
            "file": "plugins/cordova-plugin-media/www/Media.js",
            "id": "cordova-plugin-media.Media",
            "pluginId": "cordova-plugin-media",
            "clobbers": [
                "window.Media"
            ]
        },
        {
            "file": "plugins/cordova-plugin-media/www/browser/Media.js",
            "id": "cordova-plugin-media.BrowserMedia",
            "pluginId": "cordova-plugin-media",
            "clobbers": [
                "window.Media"
            ]
        },
        {
            "file": "plugins/cordova-plugin-media-capture/www/CaptureAudioOptions.js",
            "id": "cordova-plugin-media-capture.CaptureAudioOptions",
            "pluginId": "cordova-plugin-media-capture",
            "clobbers": [
                "CaptureAudioOptions"
            ]
        },
        {
            "file": "plugins/cordova-plugin-media-capture/www/CaptureImageOptions.js",
            "id": "cordova-plugin-media-capture.CaptureImageOptions",
            "pluginId": "cordova-plugin-media-capture",
            "clobbers": [
                "CaptureImageOptions"
            ]
        },
        {
            "file": "plugins/cordova-plugin-media-capture/www/CaptureVideoOptions.js",
            "id": "cordova-plugin-media-capture.CaptureVideoOptions",
            "pluginId": "cordova-plugin-media-capture",
            "clobbers": [
                "CaptureVideoOptions"
            ]
        },
        {
            "file": "plugins/cordova-plugin-media-capture/www/CaptureError.js",
            "id": "cordova-plugin-media-capture.CaptureError",
            "pluginId": "cordova-plugin-media-capture",
            "clobbers": [
                "CaptureError"
            ]
        },
        {
            "file": "plugins/cordova-plugin-media-capture/www/MediaFileData.js",
            "id": "cordova-plugin-media-capture.MediaFileData",
            "pluginId": "cordova-plugin-media-capture",
            "clobbers": [
                "MediaFileData"
            ]
        },
        {
            "file": "plugins/cordova-plugin-media-capture/www/MediaFile.js",
            "id": "cordova-plugin-media-capture.MediaFile",
            "pluginId": "cordova-plugin-media-capture",
            "clobbers": [
                "MediaFile"
            ]
        },
        {
            "file": "plugins/cordova-plugin-media-capture/www/helpers.js",
            "id": "cordova-plugin-media-capture.helpers",
            "pluginId": "cordova-plugin-media-capture",
            "runs": true
        },
        {
            "file": "plugins/cordova-plugin-media-capture/www/capture.js",
            "id": "cordova-plugin-media-capture.capture",
            "pluginId": "cordova-plugin-media-capture",
            "clobbers": [
                "navigator.device.capture"
            ]
        },
        {
            "file": "plugins/cordova-plugin-media-capture/src/browser/CaptureProxy.js",
            "id": "cordova-plugin-media-capture.CaptureProxy",
            "pluginId": "cordova-plugin-media-capture",
            "runs": true
        },
        {
            "file": "plugins/cordova-plugin-network-information/www/network.js",
            "id": "cordova-plugin-network-information.network",
            "pluginId": "cordova-plugin-network-information",
            "clobbers": [
                "navigator.connection",
                "navigator.network.connection"
            ]
        },
        {
            "file": "plugins/cordova-plugin-network-information/www/Connection.js",
            "id": "cordova-plugin-network-information.Connection",
            "pluginId": "cordova-plugin-network-information",
            "clobbers": [
                "Connection"
            ]
        },
        {
            "file": "plugins/cordova-plugin-network-information/src/browser/network.js",
            "id": "cordova-plugin-network-information.NetworkInfoProxy",
            "pluginId": "cordova-plugin-network-information",
            "runs": true
        },
        {
            "file": "plugins/cordova-plugin-screen-orientation/www/screenorientation.js",
            "id": "cordova-plugin-screen-orientation.screenorientation",
            "pluginId": "cordova-plugin-screen-orientation",
            "clobbers": [
                "cordova.plugins.screenorientation"
            ]
        },
        {
            "file": "plugins/cordova-plugin-splashscreen/www/splashscreen.js",
            "id": "cordova-plugin-splashscreen.SplashScreen",
            "pluginId": "cordova-plugin-splashscreen",
            "clobbers": [
                "navigator.splashscreen"
            ]
        },
        {
            "file": "plugins/cordova-plugin-splashscreen/src/browser/SplashScreenProxy.js",
            "id": "cordova-plugin-splashscreen.SplashScreenProxy",
            "pluginId": "cordova-plugin-splashscreen",
            "runs": true
        },
        {
            "file": "plugins/cordova-plugin-statusbar/www/statusbar.js",
            "id": "cordova-plugin-statusbar.statusbar",
            "pluginId": "cordova-plugin-statusbar",
            "clobbers": [
                "window.StatusBar"
            ]
        },
        {
            "file": "plugins/cordova-plugin-statusbar/src/browser/StatusBarProxy.js",
            "id": "cordova-plugin-statusbar.StatusBarProxy",
            "pluginId": "cordova-plugin-statusbar",
            "runs": true
        },
        {
            "file": "plugins/cordova-plugin-streaming-media/www/StreamingMedia.js",
            "id": "cordova-plugin-streaming-media.StreamingMedia",
            "pluginId": "cordova-plugin-streaming-media",
            "clobbers": [
                "streamingMedia"
            ]
        },
        {
            "file": "plugins/cordova-plugin-vibration/src/browser/Vibration.js",
            "id": "cordova-plugin-vibration.Vibration",
            "pluginId": "cordova-plugin-vibration",
            "merges": [
                "navigator"
            ]
        },
        {
            "file": "plugins/cordova-plugin-vibration/www/vibration.js",
            "id": "cordova-plugin-vibration.notification",
            "pluginId": "cordova-plugin-vibration",
            "merges": [
                "navigator"
            ]
        },
        {
            "file": "plugins/es6-promise-plugin/www/promise.js",
            "id": "es6-promise-plugin.Promise",
            "pluginId": "es6-promise-plugin",
            "runs": true
        },
        {
            "file": "plugins/cordova-plugin-x-socialsharing/www/SocialSharing.js",
            "id": "cordova-plugin-x-socialsharing.SocialSharing",
            "pluginId": "cordova-plugin-x-socialsharing",
            "clobbers": [
                "window.plugins.socialsharing"
            ]
        },
        {
            "file": "plugins/phonegap-plugin-contentsync/www/index.js",
            "id": "phonegap-plugin-contentsync.ContentSync",
            "pluginId": "phonegap-plugin-contentsync",
            "clobbers": [
                "window.ContentSync",
                "window.Zip",
                "window.zip"
            ]
        },
        {
            "file": "plugins/phonegap-plugin-contentsync/src/browser/Sync.js",
            "id": "phonegap-plugin-contentsync.Sync",
            "pluginId": "phonegap-plugin-contentsync",
            "merges": [
                "ContentSync"
            ]
        },
        {
            "file": "plugins/phonegap-plugin-mobile-accessibility/www/mobile-accessibility.js",
            "id": "phonegap-plugin-mobile-accessibility.mobile-accessibility",
            "pluginId": "phonegap-plugin-mobile-accessibility",
            "clobbers": [
                "window.MobileAccessibility"
            ]
        },
        {
            "file": "plugins/phonegap-plugin-mobile-accessibility/www/MobileAccessibilityNotifications.js",
            "id": "phonegap-plugin-mobile-accessibility.MobileAccessibilityNotifications",
            "pluginId": "phonegap-plugin-mobile-accessibility",
            "clobbers": [
                "MobileAccessibilityNotifications"
            ]
        },
        {
            "file": "plugins/com.darktalker.cordova.screenshot/www/Screenshot.js",
            "id": "com.darktalker.cordova.screenshot.screenshot",
            "pluginId": "com.darktalker.cordova.screenshot",
            "merges": [
                "navigator.screenshot"
            ]
        },
        {
            "file": "plugins/cordova-plugin-ezar-snapshot/www/snapshot.js",
            "id": "cordova-plugin-ezar-snapshot.snapshot",
            "pluginId": "cordova-plugin-ezar-snapshot",
            "merges": [
                "ezar"
            ]
        },
        {
            "file": "plugins/cordova-plugin-ezar-snapshot/www/snapshot.js",
            "id": "cordova-plugin-ezar-snapshot.snapshot",
            "pluginId": "cordova-plugin-ezar-snapshot",
            "merges": [
                "ezar"
            ]
        },
        {
            "file": "plugins/cordova-plugin-ping/www/ping.js",
            "id": "cordova-plugin-ping.ping",
            "pluginId": "cordova-plugin-ping",
            "clobbers": [
                "Ping"
            ]
        }
    ],
    "plugin_metadata": {
        "cordova-plugin-file": "6.0.1",
        "cordova-plugin-file-transfer": "1.7.1",
        "cordova-plugin-battery-status": "2.0.2",
        "cordova-plugin-compat": "1.2.0",
        "cordova-plugin-ble-central": "1.2.2",
        "cordova-plugin-camera": "4.0.3",
        "cordova-plugin-contacts": "3.0.1",
        "cordova-plugin-device": "2.0.2",
        "cordova-plugin-device-motion": "2.0.1",
        "cordova-plugin-dialogs": "2.0.1",
        "cordova-plugin-geolocation": "4.0.1",
        "cordova-plugin-globalization": "1.11.0",
        "cordova-plugin-inappbrowser": "3.0.0",
        "cordova-plugin-insomnia": "4.3.0",
        "cordova-plugin-media": "5.0.2",
        "cordova-plugin-media-capture": "3.0.2",
        "cordova-plugin-network-information": "2.0.1",
        "cordova-plugin-screen-orientation": "3.0.1",
        "cordova-plugin-splashscreen": "5.0.2",
        "cordova-plugin-statusbar": "2.4.2",
        "cordova-plugin-streaming-media": "2.1.3",
        "cordova-plugin-vibration": "3.1.0",
        "cordova-plugin-whitelist": "1.3.3",
        "es6-promise-plugin": "4.2.2",
        "cordova-plugin-x-socialsharing": "5.4.1",
        "phonegap-plugin-contentsync": "1.4.2",
        "phonegap-plugin-mobile-accessibility": "1.0.5-dev",
        "com.darktalker.cordova.screenshot": "0.1.5",
        "cordova-plugin-crosswalk-webview": "2.4.0",
        "cordova-plugin-ezar-snapshot": "1.0.0",
        "cordova-plugin-ping": "0.3.1"
    }
}